Part,Quantity,Price (USD),Purchase Link,Notes
LEGO Education SPIKE Prime Set (45678),2,399.95 each,https://education.lego.com/en-us/products/lego-education-spike-prime-set/45678/,"Two complete SPIKE Prime kits provide the LEGO parts, electronics, motors, and sensors"
LEGO Technic Large Angular Motor,3,Included in kits,https://education.lego.com/en-us/products/lego-education-spike-prime-set/45678/,"Three large motors used in the printer"
LEGO Technic Small/Medium Angular Motor,3,Included in kits,https://education.lego.com/en-us/products/lego-education-spike-prime-set/45678/,"Three small motors used in the printer"
LEGO Force Sensor,1,Included in kits,https://education.lego.com/en-us/products/lego-education-spike-prime-set/45678/,"Used by the printer mechanism"
LEGO Technic beams gears axles pins and connectors,Various,Included in kits,https://education.lego.com/en-us/products/lego-education-spike-prime-set/45678/,"Structural and mechanical parts taken from both SPIKE Prime kits"
3D Printing Pen,1,50.00,,"Used to melt and extrude filament"
3D Printer Filament,1 roll,Estimated 20.00,,"Filament used by the 3D printing pen"
Parchment Paper,Small amount,Estimated 1.00,,"Used as the printing surface"
TOTAL ESTIMATED PROJECT COST,1,870.90,,"Estimated cost if buying two SPIKE Prime kits, the 3D printing pen, filament, and parchment paper from scratch"
